language,file,covered,total,percentage
cpp,eos/b-decays/b-to-3l-nu.cc,667,670,99.55
cpp,eos/b-decays/b-to-d-l-x-nu.cc,0,73,0.00
cpp,eos/b-decays/b-to-gamma-l-nu.cc,80,82,97.56
cpp,eos/b-decays/b-to-l-nu.cc,50,53,94.34
cpp,eos/b-decays/b-to-pi-l-x-nu.cc,0,70,0.00
cpp,eos/b-decays/b-to-pi-pi-l-nu.cc,69,90,76.67
cpp,eos/b-decays/b-to-psd-l-nu.cc,208,290,71.72
cpp,eos/b-decays/b-to-psd-psd-l-nu-impl.hh,81,83,97.59
cpp,eos/b-decays/b-to-psd-psd-l-nu.cc,144,200,72.00
cpp,eos/b-decays/b-to-psd-psd.cc,85,88,96.59
cpp,eos/b-decays/b-to-vec-l-nu-impl.hh,82,82,100.00
cpp,eos/b-decays/b-to-vec-l-nu.cc,303,409,74.08
cpp,eos/b-decays/bq-to-dq-psd.cc,148,162,91.36
cpp,eos/b-decays/bq-to-dstarq-psd.cc,148,162,91.36
cpp,eos/b-decays/inclusive-b-to-u.cc,0,21,0.00
cpp,eos/b-decays/lambdab-to-lambdac-l-nu.cc,161,227,70.93
cpp,eos/b-decays/lambdab-to-lambdac2595-l-nu.cc,97,115,84.35
cpp,eos/b-decays/lambdab-to-lambdac2625-l-nu.cc,99,123,80.49
cpp,eos/b-decays/lifetime.cc,286,287,99.65
cpp,eos/b-decays/observables.cc,2379,2379,100.00
cpp,eos/b-decays/properties.cc,22,22,100.00
cpp,eos/b-decays/signal-pdfs.cc,144,144,100.00
cpp,eos/c-decays/d-to-psd-l-nu.cc,119,251,47.41
cpp,eos/c-decays/dq-to-l-nu.cc,51,54,94.44
cpp,eos/c-decays/dstarq-to-l-nu.cc,37,54,68.52
cpp,eos/c-decays/lambdac-to-onehalfplus-l-nu.cc,169,263,64.26
cpp,eos/c-decays/observables.cc,136,136,100.00
cpp,eos/constraint.cc,1215,1443,84.20
cpp,eos/form-factors/analytic-b-to-p-lcsr-impl.hh,5729,5958,96.16
cpp,eos/form-factors/analytic-b-to-pi-pi.cc,244,352,69.32
cpp,eos/form-factors/analytic-b-to-psd-dkmmo2008-impl.hh,1129,1197,94.32
cpp,eos/form-factors/analytic-b-to-v-lcsr-impl.hh,14632,15186,96.35
cpp,eos/form-factors/analytic-p-to-gamma-qcdf-impl.hh,565,614,92.02
cpp,eos/form-factors/baryonic.cc,65,76,85.53
cpp,eos/form-factors/form-factor-adapter.hh,73,77,94.81
cpp,eos/form-factors/form-factors.cc,3,3,100.00
cpp,eos/form-factors/heavy-meson-lcdas-exponential.cc,216,225,96.00
cpp,eos/form-factors/heavy-meson-lcdas-exponential.hh,1,1,100.00
cpp,eos/form-factors/heavy-meson-lcdas-flvd2022-profile.cc,97,168,57.74
cpp,eos/form-factors/heavy-meson-lcdas-flvd2022-profile.hh,1,1,100.00
cpp,eos/form-factors/heavy-meson-lcdas-flvd2022.cc,290,360,80.56
cpp,eos/form-factors/heavy-meson-lcdas-flvd2022.hh,1,1,100.00
cpp,eos/form-factors/heavy-meson-lcdas.cc,10,13,76.92
cpp,eos/form-factors/heavy-meson-lcdas.hh,1,1,100.00
cpp,eos/form-factors/hqet-b-to-c.cc,219,223,98.21
cpp,eos/form-factors/k-lcdas.cc,692,702,98.58
cpp,eos/form-factors/k-lcdas.hh,0,8,0.00
cpp,eos/form-factors/k-star-lcdas.cc,1024,1038,98.65
cpp,eos/form-factors/k-star-lcdas.hh,0,16,0.00
cpp,eos/form-factors/lcda.cc,3,3,100.00
cpp,eos/form-factors/mesonic.cc,193,275,70.18
cpp,eos/form-factors/mesonic.hh,0,24,0.00
cpp,eos/form-factors/observables.cc,1143,1151,99.30
cpp,eos/form-factors/parametric-bbgorvd2018-impl.hh,186,306,60.78
cpp,eos/form-factors/parametric-bbgorvd2018.hh,44,56,78.57
cpp,eos/form-factors/parametric-bcl2008-impl.hh,107,119,89.92
cpp,eos/form-factors/parametric-bfvd2014.cc,34,38,89.47
cpp,eos/form-factors/parametric-bfvd2014.hh,3,15,20.00
cpp,eos/form-factors/parametric-bgjvd2019-impl.hh,914,959,95.31
cpp,eos/form-factors/parametric-bgjvd2019.cc,226,244,92.62
cpp,eos/form-factors/parametric-bgjvd2019.hh,34,58,58.62
cpp,eos/form-factors/parametric-bgl1997-impl.hh,229,258,88.76
cpp,eos/form-factors/parametric-bgl1997.hh,81,83,97.59
cpp,eos/form-factors/parametric-bsz2015-impl.hh,88,109,80.73
cpp,eos/form-factors/parametric-bsz2015.hh,33,33,100.00
cpp,eos/form-factors/parametric-dkmr2017-impl.hh,93,98,94.90
cpp,eos/form-factors/parametric-dkmr2017.hh,1,1,100.00
cpp,eos/form-factors/parametric-dm2016-impl.hh,92,97,94.85
cpp,eos/form-factors/parametric-dm2016.hh,1,1,100.00
cpp,eos/form-factors/parametric-fvdv2018-impl.hh,219,274,79.93
cpp,eos/form-factors/parametric-g2026-impl.hh,400,464,86.21
cpp,eos/form-factors/parametric-g2026.hh,87,95,91.58
cpp,eos/form-factors/parametric-hkvt2025-impl.hh,336,371,90.57
cpp,eos/form-factors/parametric-hkvt2025.hh,56,58,96.55
cpp,eos/form-factors/parametric-kkrvd2024.cc,164,169,97.04
cpp,eos/form-factors/parametric-kkrvd2024.hh,11,11,100.00
cpp,eos/form-factors/parametric-kkvdz2022.cc,88,94,93.62
cpp,eos/form-factors/parametric-kmpw2010-impl.hh,75,89,84.27
cpp,eos/form-factors/parametric-ksvd2025.cc,233,273,85.35
cpp,eos/form-factors/parametric-ksvd2025.hh,11,11,100.00
cpp,eos/form-factors/parametric-se-impl-onehalfplus-to-onehalfplus.hh,265,315,84.13
cpp,eos/form-factors/parametric-se-impl-onehalfplus-to-threehalfminus.hh,403,403,100.00
cpp,eos/form-factors/parametric-se-impl-p-to-p.hh,112,156,71.79
cpp,eos/form-factors/parametric-se-impl-p-to-v.hh,229,254,90.16
cpp,eos/form-factors/parametric-se.hh,81,92,88.04
cpp,eos/form-factors/parametric-sse-impl-onehalfplus-to-onehalfplus.hh,69,69,100.00
cpp,eos/form-factors/parametric-sse-impl-p-to-p.hh,31,35,88.57
cpp,eos/form-factors/parametric-sse-impl-p-to-v.hh,82,99,82.83
cpp,eos/form-factors/parametric-sse.hh,53,53,100.00
cpp,eos/form-factors/pi-lcdas.cc,133,136,97.79
cpp,eos/form-factors/pi-lcdas.hh,6,8,75.00
cpp,eos/form-factors/psd-lcdas.cc,11,14,78.57
cpp,eos/form-factors/rho-lcdas.cc,261,270,96.67
cpp,eos/form-factors/rho-lcdas.hh,8,34,23.53
cpp,eos/form-factors/unitarity-bounds.cc,2786,2935,94.92
cpp,eos/form-factors/vec-lcdas.cc,9,14,64.29
cpp,eos/form-factors/zero-recoil-sum-rule.cc,0,96,0.00
cpp,eos/maths/angular-integrals.cc,58,63,92.06
cpp,eos/maths/derivative.cc,14,14,100.00
cpp,eos/maths/dft-container-impl.hh,132,148,89.19
cpp,eos/maths/dft-container.hh,11,11,100.00
cpp,eos/maths/dft-plan-impl.hh,62,66,93.94
cpp,eos/maths/gegenbauer-polynomial.cc,18,19,94.74
cpp,eos/maths/gegenbauer-polynomial.hh,7,7,100.00
cpp,eos/maths/gsl-interface.hh,16,16,100.00
cpp,eos/maths/integrate-cubature.cc,456,550,82.91
cpp,eos/maths/integrate-impl.hh,13,14,92.86
cpp,eos/maths/integrate.cc,64,78,82.05
cpp,eos/maths/integrate.hh,65,65,100.00
cpp,eos/maths/interpolation.cc,16,16,100.00
cpp,eos/maths/lagrange-polynomial.hh,52,52,100.00
cpp,eos/maths/legendre-polynomial-vector.hh,64,66,96.97
cpp,eos/maths/matrix.hh,58,58,100.00
cpp,eos/maths/multiplepolylog-li22.cc,409,444,92.12
cpp,eos/maths/omnes-factor-impl.hh,137,138,99.28
cpp,eos/maths/omnes-factor.hh,15,16,93.75
cpp,eos/maths/outer-function.cc,10,13,76.92
cpp,eos/maths/polylog.cc,131,131,100.00
cpp,eos/maths/power-of.hh,10,10,100.00
cpp,eos/maths/szego-polynomial.hh,87,87,100.00
cpp,eos/meson-mixing/bq-mixing.cc,40,40,100.00
cpp,eos/meson-mixing/observables.cc,16,16,100.00
cpp,eos/models/ckm.cc,44,44,100.00
cpp,eos/models/model.cc,11,15,73.33
cpp,eos/models/standard-model.cc,534,585,91.28
cpp,eos/models/top-loops.cc,59,59,100.00
cpp,eos/models/wet.cc,695,782,88.87
cpp,eos/models/wilson-coefficients.cc,79,79,100.00
cpp,eos/models/wilson-coefficients.hh,142,142,100.00
cpp,eos/nonleptonic-amplitudes/nonleptonic-amplitudes-adapter.hh,22,64,34.38
cpp,eos/nonleptonic-amplitudes/nonleptonic-amplitudes.cc,52,56,92.86
cpp,eos/nonleptonic-amplitudes/nonleptonic-amplitudes.hh,8,16,50.00
cpp,eos/nonleptonic-amplitudes/observables.cc,26,26,100.00
cpp,eos/nonleptonic-amplitudes/qcdf-amplitudes.cc,205,205,100.00
cpp,eos/nonleptonic-amplitudes/qcdf-amplitudes.hh,6,6,100.00
cpp,eos/nonleptonic-amplitudes/su3f-amplitudes.cc,184,193,95.34
cpp,eos/nonleptonic-amplitudes/su3f-amplitudes.hh,12,12,100.00
cpp,eos/nonleptonic-amplitudes/topological-amplitudes.cc,141,146,96.58
cpp,eos/nonleptonic-amplitudes/topological-amplitudes.hh,12,12,100.00
cpp,eos/nonlocal-form-factors/charm-loops-analytic-F279b-helper.cc,290,290,100.00
cpp,eos/nonlocal-form-factors/charm-loops-analytic-F279d-helper.cc,396,396,100.00
cpp,eos/nonlocal-form-factors/charm-loops-analytic-F27b.cc,678,678,100.00
cpp,eos/nonlocal-form-factors/charm-loops-analytic-F27d-helper.cc,501,501,100.00
cpp,eos/nonlocal-form-factors/charm-loops-analytic-F27d.cc,549,549,100.00
cpp,eos/nonlocal-form-factors/charm-loops-analytic-F29b.cc,1421,1421,100.00
cpp,eos/nonlocal-form-factors/charm-loops-analytic-F29d-helper.cc,399,399,100.00
cpp,eos/nonlocal-form-factors/charm-loops-analytic-F29d.cc,986,986,100.00
cpp,eos/nonlocal-form-factors/charm-loops-analytic-weight4.cc,124,124,100.00
cpp,eos/nonlocal-form-factors/charm-loops-analytic-weight4w4w5w7.cc,342,343,99.71
cpp,eos/nonlocal-form-factors/charm-loops-analytic-weight4wx3wx4.cc,364,365,99.73
cpp,eos/nonlocal-form-factors/charm-loops-analytic.cc,1192,1207,98.76
cpp,eos/nonlocal-form-factors/charm-loops-impl.hh,56,65,86.15
cpp,eos/nonlocal-form-factors/charm-loops.cc,528,603,87.56
cpp,eos/nonlocal-form-factors/charm-loops.hh,7,7,100.00
cpp,eos/nonlocal-form-factors/hard-scattering.cc,59,101,58.42
cpp,eos/nonlocal-form-factors/long-distance.cc,22,22,100.00
cpp,eos/nonlocal-form-factors/nonlocal-formfactors-p-to-p.cc,262,595,44.03
cpp,eos/nonlocal-form-factors/nonlocal-formfactors-p-to-v.cc,351,778,45.12
cpp,eos/nonlocal-form-factors/nonlocal-formfactors.cc,14,26,53.85
cpp,eos/nonlocal-form-factors/nonlocal-formfactors.hh,0,24,0.00
cpp,eos/nonlocal-form-factors/observables.cc,280,280,100.00
cpp,eos/observable-impl.hh,56,56,100.00
cpp,eos/observable.cc,122,127,96.06
cpp,eos/observable.hh,2,2,100.00
cpp,eos/rare-b-decays/b-to-k-charmonium.cc,36,39,92.31
cpp,eos/rare-b-decays/b-to-k-ll-base.cc,32,33,96.97
cpp,eos/rare-b-decays/b-to-k-ll-bfs2004.cc,111,122,90.98
cpp,eos/rare-b-decays/b-to-k-ll-gp2004.cc,40,40,100.00
cpp,eos/rare-b-decays/b-to-k-ll-gvdv2020.cc,77,79,97.47
cpp,eos/rare-b-decays/b-to-k-ll-naive.cc,11,78,14.10
cpp,eos/rare-b-decays/b-to-k-ll.cc,91,98,92.86
cpp,eos/rare-b-decays/b-to-kstar-charmonium.cc,85,91,93.41
cpp,eos/rare-b-decays/b-to-kstar-gamma-base.cc,23,24,95.83
cpp,eos/rare-b-decays/b-to-kstar-gamma-bfs2004.cc,119,125,95.20
cpp,eos/rare-b-decays/b-to-kstar-gamma-bfs2004.hh,1,1,100.00
cpp,eos/rare-b-decays/b-to-kstar-gamma-naive.cc,15,15,100.00
cpp,eos/rare-b-decays/b-to-kstar-gamma-naive.hh,1,1,100.00
cpp,eos/rare-b-decays/b-to-kstar-gamma.cc,52,53,98.11
cpp,eos/rare-b-decays/b-to-kstar-ll-base.cc,29,30,96.67
cpp,eos/rare-b-decays/b-to-kstar-ll-bfs2004.cc,202,231,87.45
cpp,eos/rare-b-decays/b-to-kstar-ll-bfs2004.hh,0,6,0.00
cpp,eos/rare-b-decays/b-to-kstar-ll-gp2004.cc,95,95,100.00
cpp,eos/rare-b-decays/b-to-kstar-ll-gp2004.hh,0,14,0.00
cpp,eos/rare-b-decays/b-to-kstar-ll-gvdv2020.cc,87,145,60.00
cpp,eos/rare-b-decays/b-to-kstar-ll-gvdv2020.hh,1,1,100.00
cpp,eos/rare-b-decays/b-to-kstar-ll-impl.hh,17,17,100.00
cpp,eos/rare-b-decays/b-to-kstar-ll-naive.cc,10,144,6.94
cpp,eos/rare-b-decays/b-to-kstar-ll-naive.hh,1,1,100.00
cpp,eos/rare-b-decays/b-to-kstar-ll.cc,180,318,56.60
cpp,eos/rare-b-decays/b-to-ll.cc,75,77,97.40
cpp,eos/rare-b-decays/b-to-psd-nu-nu.cc,84,93,90.32
cpp,eos/rare-b-decays/b-to-vec-nu-nu.cc,101,127,79.53
cpp,eos/rare-b-decays/bremsstrahlung.cc,94,106,88.68
cpp,eos/rare-b-decays/bs-to-phi-charmonium.cc,50,90,55.56
cpp,eos/rare-b-decays/bs-to-phi-ll-base.cc,29,30,96.67
cpp,eos/rare-b-decays/bs-to-phi-ll-bfs2004.cc,206,235,87.66
cpp,eos/rare-b-decays/bs-to-phi-ll-bfs2004.hh,0,6,0.00
cpp,eos/rare-b-decays/bs-to-phi-ll-gvdv2020.cc,85,110,77.27
cpp,eos/rare-b-decays/bs-to-phi-ll-gvdv2020.hh,1,1,100.00
cpp,eos/rare-b-decays/bs-to-phi-ll-naive.cc,9,109,8.26
cpp,eos/rare-b-decays/bs-to-phi-ll-naive.hh,1,1,100.00
cpp,eos/rare-b-decays/bs-to-phi-ll.cc,245,477,51.36
cpp,eos/rare-b-decays/em-contributions.cc,43,43,100.00
cpp,eos/rare-b-decays/inclusive-b-to-s-dilepton.cc,213,221,96.38
cpp,eos/rare-b-decays/inclusive-b-to-s-gamma.cc,303,336,90.18
cpp,eos/rare-b-decays/lambda-b-to-lambda-dilepton.cc,371,654,56.73
cpp,eos/rare-b-decays/lambda-b-to-lambda-nu-nu-impl.hh,3,7,42.86
cpp,eos/rare-b-decays/lambda-b-to-lambda-nu-nu.cc,26,66,39.39
cpp,eos/rare-b-decays/lambda-b-to-lambda1520-gamma-base.cc,16,16,100.00
cpp,eos/rare-b-decays/lambda-b-to-lambda1520-gamma-naive.cc,21,21,100.00
cpp,eos/rare-b-decays/lambda-b-to-lambda1520-gamma-naive.hh,1,1,100.00
cpp,eos/rare-b-decays/lambda-b-to-lambda1520-gamma.cc,25,28,89.29
cpp,eos/rare-b-decays/lambda-b-to-lambda1520-ll-base.cc,23,23,100.00
cpp,eos/rare-b-decays/lambda-b-to-lambda1520-ll-naive.cc,56,56,100.00
cpp,eos/rare-b-decays/lambda-b-to-lambda1520-ll.cc,24,281,8.54
cpp,eos/rare-b-decays/lambda-b-to-lambda1520-ll.hh,0,14,0.00
cpp,eos/rare-b-decays/observables.cc,1081,1081,100.00
cpp,eos/rare-b-decays/qcdf-integrals-analytical.cc,1734,1956,88.65
cpp,eos/rare-b-decays/qcdf-integrals-impl.hh,10,10,100.00
cpp,eos/rare-b-decays/qcdf-integrals-mixed.cc,24,24,100.00
cpp,eos/rare-b-decays/qcdf-integrals-numerical.cc,102,108,94.44
cpp,eos/rare-b-decays/signal-pdfs.cc,34,34,100.00
cpp,eos/rare-c-decays/lambda-c-to-proton-l-l.cc,168,188,89.36
cpp,eos/rare-c-decays/observables.cc,50,50,100.00
cpp,eos/reference.cc,89,127,70.08
cpp,eos/reference.hh,9,10,90.00
cpp,eos/s-decays/k-to-l-nu.cc,38,40,95.00
cpp,eos/s-decays/k-to-pi-l-nu.cc,74,190,38.95
cpp,eos/s-decays/observables.cc,30,30,100.00
cpp,eos/scattering/ee-to-ccbar.cc,163,260,62.69
cpp,eos/scattering/ee-to-ccbar.hh,59,63,93.65
cpp,eos/scattering/observables.cc,102,102,100.00
cpp,eos/scattering/parametric-gmkprdey2011.cc,159,189,84.13
cpp,eos/scattering/parametric-hkvt2025.cc,86,139,61.87
cpp,eos/scattering/parametric-hkvt2025.hh,13,13,100.00
cpp,eos/scattering/scattering-amplitudes.cc,3,3,100.00
cpp,eos/scattering/single-channel.cc,10,24,41.67
cpp,eos/signal-pdf-impl.hh,18,18,100.00
cpp,eos/signal-pdf.cc,99,109,90.83
cpp,eos/signal-pdf.hh,2,2,100.00
cpp,eos/statistics/goodness-of-fit.cc,37,38,97.37
cpp,eos/statistics/log-likelihood.cc,682,733,93.04
cpp,eos/statistics/log-likelihood.hh,32,32,100.00
cpp,eos/statistics/log-posterior.cc,56,56,100.00
cpp,eos/statistics/log-prior.cc,436,465,93.76
cpp,eos/statistics/log-prior.hh,1,1,100.00
cpp,eos/statistics/test-statistic.cc,11,17,64.71
cpp,eos/tau-decays/observables.cc,51,51,100.00
cpp,eos/tau-decays/tau-to-k-nu.cc,37,39,94.87
cpp,eos/tau-decays/tau-to-k-pi-nu.cc,94,105,89.52
cpp,eos/utils/cartesian-product.hh,56,57,98.25
cpp,eos/utils/concrete-cacheable-observable.hh,164,196,83.67
cpp,eos/utils/concrete-signal-pdf.cc,54,68,79.41
cpp,eos/utils/concrete-signal-pdf.hh,13,13,100.00
cpp,eos/utils/concrete_observable.hh,63,67,94.03
cpp,eos/utils/condition_variable.cc,17,17,100.00
cpp,eos/utils/density.cc,1,1,100.00
cpp,eos/utils/destringify.cc,0,3,0.00
cpp,eos/utils/destringify.hh,45,58,77.59
cpp,eos/utils/diagnostics.cc,13,13,100.00
cpp,eos/utils/exception.cc,31,64,48.44
cpp,eos/utils/expression-cacher.hh,1,1,100.00
cpp,eos/utils/expression-kinematic-reader.hh,2,2,100.00
cpp,eos/utils/expression-maker.hh,1,1,100.00
cpp,eos/utils/expression-observable.cc,67,86,77.91
cpp,eos/utils/expression-observable.hh,16,18,88.89
cpp,eos/utils/expression-parser-impl.hh,34,36,94.44
cpp,eos/utils/expression-parser.cc,9,9,100.00
cpp,eos/utils/expression-referenced-names-reader.hh,2,2,100.00
cpp,eos/utils/expression-used-kinematics-reader.hh,2,2,100.00
cpp,eos/utils/expression-used-parameter-reader.hh,2,2,100.00
cpp,eos/utils/expression-visitors.cc,274,415,66.02
cpp,eos/utils/expression.cc,29,34,85.29
cpp,eos/utils/expression.hh,40,40,100.00
cpp,eos/utils/gsl-hacks.cc,5,14,35.71
cpp,eos/utils/indirect-iterator-impl.hh,21,21,100.00
cpp,eos/utils/instantiation_policy-impl.hh,25,25,100.00
cpp,eos/utils/instantiation_policy.hh,2,2,100.00
cpp,eos/utils/intermediate-result.hh,1,1,100.00
cpp,eos/utils/join.hh,9,9,100.00
cpp,eos/utils/kinematic.cc,136,175,77.71
cpp,eos/utils/kinematic.hh,3,3,100.00
cpp,eos/utils/kmatrix-impl.hh,112,130,86.15
cpp,eos/utils/kmatrix.cc,5,9,55.56
cpp,eos/utils/kmatrix.hh,15,18,83.33
cpp,eos/utils/lock.cc,7,16,43.75
cpp,eos/utils/log.cc,101,123,82.11
cpp,eos/utils/log.hh,3,3,100.00
cpp,eos/utils/memoise.cc,15,15,100.00
cpp,eos/utils/memoise.hh,36,37,97.30
cpp,eos/utils/mutable.cc,1,1,100.00
cpp,eos/utils/mutex.cc,13,13,100.00
cpp,eos/utils/mutex.hh,2,2,100.00
cpp,eos/utils/observable_cache.cc,128,150,85.33
cpp,eos/utils/observable_set.cc,29,34,85.29
cpp,eos/utils/observable_stub.cc,26,26,100.00
cpp,eos/utils/options-impl.hh,36,46,78.26
cpp,eos/utils/options.cc,188,237,79.32
cpp,eos/utils/options.hh,1,2,50.00
cpp,eos/utils/parameters.cc,481,540,89.07
cpp,eos/utils/parameters.hh,11,11,100.00
cpp,eos/utils/private_implementation_pattern-impl.hh,4,4,100.00
cpp,eos/utils/qcd.cc,92,94,97.87
cpp,eos/utils/qualified-name-parts.hh,40,40,100.00
cpp,eos/utils/qualified-name.cc,106,111,95.50
cpp,eos/utils/qualified-name.hh,23,23,100.00
cpp,eos/utils/quantum-numbers.cc,34,34,100.00
cpp,eos/utils/quantum-numbers.hh,22,22,100.00
cpp,eos/utils/reference-name.cc,64,68,94.12
cpp,eos/utils/reference-name.hh,28,28,100.00
cpp,eos/utils/rge-impl.hh,267,267,100.00
cpp,eos/utils/stringify.hh,21,21,100.00
cpp,eos/utils/strong-typedef.hh,7,7,100.00
cpp,eos/utils/test-observable.cc,38,55,69.09
cpp,eos/utils/thread.cc,24,38,63.16
cpp,eos/utils/thread_pool.cc,82,95,86.32
cpp,eos/utils/ticket.cc,17,34,50.00
cpp,eos/utils/tuple-maker.hh,11,11,100.00
cpp,eos/utils/units.cc,39,53,73.58
cpp,eos/utils/units.hh,3,3,100.00
cpp,eos/utils/verify.cc,9,9,100.00
cpp,eos/utils/verify.hh,15,15,100.00
cpp,eos/utils/wilson-polynomial.cc,94,94,100.00
cpp,eos/utils/wrapped_forward_iterator-impl.hh,58,61,95.08
python,python/eos/__init__.py,70,97,72.16
python,python/eos/_api.py,2,2,100.00
python,python/eos/analysis.py,229,410,55.85
python,python/eos/analysis_file.py,275,280,98.21
python,python/eos/analysis_file_context.py,13,13,100.00
python,python/eos/analysis_file_description.py,618,655,94.35
python,python/eos/cli/__init__.py,0,0,0.00
python,python/eos/cli/analysis.py,251,292,85.96
python,python/eos/cli/data.py,147,183,80.33
python,python/eos/cli/data_checks.py,496,526,94.30
python,python/eos/cli/data_checks_dataset.py,279,322,86.65
python,python/eos/cli/data_github.py,138,222,62.16
python,python/eos/cli/data_register.py,204,234,87.18
python,python/eos/cli/data_release.py,494,542,91.14
python,python/eos/cli/data_release_execution.py,113,131,86.26
python,python/eos/cli/figure.py,79,92,85.87
python,python/eos/cli/list_constraints.py,55,62,88.71
python,python/eos/cli/list_observables.py,33,40,82.50
python,python/eos/cli/list_parameters.py,112,120,93.33
python,python/eos/cli/list_references.py,45,47,95.74
python,python/eos/cli/list_signal_pdfs.py,46,53,86.79
python,python/eos/cli/mcp.py,0,4,0.00
python,python/eos/config.py,2,2,100.00
python,python/eos/constraint.py,36,38,94.74
python,python/eos/data/__init__.py,9,9,100.00
python,python/eos/data/_common.py,28,30,93.33
python,python/eos/data/dynesty_results.py,47,47,100.00
python,python/eos/data/importance_samples.py,49,52,94.23
python,python/eos/data/markov_chain.py,52,55,94.55
python,python/eos/data/mixture_density.py,89,126,70.63
python,python/eos/data/mode.py,70,70,100.00
python,python/eos/data/nabu_likelihood.py,33,40,82.50
python,python/eos/data/pmc_sampler.py,77,90,85.56
python,python/eos/data/prediction.py,87,93,93.55
python,python/eos/data/sample_mask.py,36,36,100.00
python,python/eos/data/serialize.py,0,0,0.00
python,python/eos/datasets.py,41,125,32.80
python,python/eos/datasets_file_description.py,18,18,100.00
python,python/eos/deserializable.py,50,57,87.72
python,python/eos/diagnostic.py,83,89,93.26
python,python/eos/figure/__init__.py,14,15,93.33
python,python/eos/figure/common.py,44,44,100.00
python,python/eos/figure/config.py,17,17,100.00
python,python/eos/figure/data.py,45,63,71.43
python,python/eos/figure/figure.py,221,237,93.25
python,python/eos/figure/item.py,1396,1397,99.93
python,python/eos/figure/plot.py,239,244,97.95
python,python/eos/ipython.py,15,91,16.48
python,python/eos/log_likelihood.py,6,6,100.00
python,python/eos/mcp/__init__.py,0,1,0.00
python,python/eos/mcp/server.py,0,75,0.00
python,python/eos/observable.py,71,71,100.00
python,python/eos/parameter.py,106,106,100.00
python,python/eos/pyhf_likelihood.py,59,78,75.64
python,python/eos/reference.py,27,27,100.00
python,python/eos/reporting.py,93,103,90.29
python,python/eos/serializable.py,16,17,94.12
python,python/eos/signal_pdf.py,95,97,97.94
python,python/eos/tasks.py,387,553,69.98
python,python/eos/validation_context.py,65,67,97.01
